{
  "SOIL_EC": 2007.0,
  "CALIBRATED_DLI": 0.10000000149011612,
  "WAT_LVL": 28.0,
  "CALIBRATED_AIR_TEMPERATURE": 25.609098434448242,
  "SUNLIGHT": 1013.6919357696075,
  "AIR_TEMPERATURE": 24.66909541116001,
  "SOIL_TEMPERATURE": 25.746225305880007,
  "CALIBRATED_SOIL_MOISTURE": 22.377500534057617
}
